{"cameraMode":{"drawMode":0,"name":"Shaded","section":"Shading Mode"},"sceneLighting":false,"audioPlay":false,"sceneViewState":{"showFog":true,"showMaterialUpdate":false,"showSkybox":true,"showFlares":true,"showImageEffects":true,"showParticleSystems":true},"in2DMode":false,"pivot":{"x":160.3874969482422,"y":277.95001220703127,"z":0.32999998331069949},"rotation":{"x":0.03367559611797333,"y":-0.544991135597229,"z":-0.02191491611301899,"w":-0.8374785780906677},"size":1059.646240234375,"orthographic":false}