{"cameraMode":{"drawMode":0,"name":"Shaded","section":"Shading Mode"},"sceneLighting":true,"audioPlay":false,"sceneViewState":{"showFog":true,"showMaterialUpdate":false,"showSkybox":true,"showFlares":true,"showImageEffects":true,"showParticleSystems":true},"in2DMode":false,"pivot":{"x":7.881939888000488,"y":-2.440042734146118,"z":6.694701194763184},"rotation":{"x":-0.0014835220063105226,"y":0.9985127449035645,"z":-0.03986004739999771,"w":-0.03716570883989334},"size":0.2992429733276367,"orthographic":true}