{"cameraMode":{"drawMode":0,"name":"Shaded","section":"Shading Mode"},"sceneLighting":true,"audioPlay":false,"sceneViewState":{"showFog":true,"showMaterialUpdate":true,"showSkybox":true,"showFlares":true,"showImageEffects":true,"showParticleSystems":true},"in2DMode":false,"pivot":{"x":-0.6434602737426758,"y":-0.004662756342440844,"z":1.0164809226989747},"rotation":{"x":-0.26738855242729189,"y":0.459399938583374,"z":-0.14725111424922944,"w":-0.8341519236564636},"size":237.09744262695313,"orthographic":true}