{"cameraMode":{"drawMode":0,"name":"Shaded","section":"Shading Mode"},"sceneLighting":false,"audioPlay":false,"sceneViewState":{"showFog":true,"showMaterialUpdate":true,"showSkybox":false,"showFlares":true,"showImageEffects":true,"showParticleSystems":true},"in2DMode":false,"pivot":{"x":-5.100002288818359,"y":3.0699996948242189,"z":11.800003051757813},"rotation":{"x":-0.38593825697898867,"y":-0.09987705200910568,"z":0.04208335652947426,"w":-0.916155219078064},"size":2.8578836917877199,"orthographic":true}